Saint Sorlin;45
du Grand Sablat;90
des Quirlies;90
du Prazon;270
du Clot de l'Homme Pelvoux Violettes;45
du Vallon des Etages;0
des Rouies;45
du Says;0
Ouest des Sellettes;45
Est des Sellettes;0
de la Pilatte;0
du Sele;45
Noir;45
d'Arsine;0
du Casset;0
du Monetier;90
de Seguret Foran;90
de la Plate des Agneaux 1;45
de Bonne Pierre;270
du vallon de la Pilatte;225
Blanc;90
de la Selle;0
des Etançons;270
du Lautaret;0
de l'Homme;0
du Tabuchet;0
de la Meije;0
du Rateau;0
de la Girose;0
de Mont de Lans;315
du Tour;315
du Chardonnet;270
des Amethystes;315
du Nant Blanc;270
du Tour Noir;315
de Talefre;270
d'Envers de Blaitiere;315
des Pelerins;315
de Miage;270
des Glaciers;180
de l'Invernet;270
Inferieur des Balmes;0
Nord de la Gurraz;90
de la Gurraz;45
du Fond;315
des Sources de l'Isere 1;0
des Sources de l'Isere 2;0
de la Grande Casse;225
de Premou;315
de la Grande Motte;0
des Grands Couloirs;270
des Sources de l'Arc 4;270
des Sources de l'Arc 2;270
du Mulinet;315
du Grand Mean Nord 1;270
du Vallonnet;0
des Evettes;0
du Genepy;315
des Sonnailles;0
de la Mahure 1;90
de Charbonnel;0
d'Arnes;0
de Chaviere 1;180
de Chaviere 2;180
Baounet 1;315
de Derriere le Clapier 1;0
de Rochemelon;315
d'Argentiere;315
Du Dome de Chasseforet 1;90
du Grand Fond;180
Superieur du Vallonnet 1;0
de Rhemes Golette 1;0
de la Sassiere;315
de l'Epena;0
de l'Arpont;90
du Pelve 1;90
du Grand Marchet;315
de l'Arcellin - Roche Ferran 1;0
de la Mahure 2;90
de Tre la Tete 1;270
Mer de Glace 1;315
de Bionnassay;315
des Bossons;0
de Taconnaz;0
d'Armancette;270
Superieur des Balmes;0
de la Savinaz;45
de Gebroulaz;0
du Chardon;45
du Clot des Cavales;45
de la Plate des Agneaux 2;45
