Saint Sorlin;2849
du Grand Sablat;3230
des Quirlies;2876
du Prazon;2620
du Clot de l'Homme Pelvoux Violettes;3584
du Vallon des Etages;2774
des Rouies;3340
du Says;2985
Ouest des Sellettes;2877
Est des Sellettes;2525
de la Pilatte;2885
du Sele;3004
Noir;2747
d'Arsine;2626
du Casset;3129
du Monetier;3299
de Seguret Foran;3185
de la Plate des Agneaux 1;2491
de Bonne Pierre;2733
du vallon de la Pilatte;3478
Blanc;3160
de la Selle;3107
des Etançons;3160
du Lautaret;3012
de l'Homme;3379
du Tabuchet;3230
de la Meije;3122
du Rateau;2797
de la Girose;3174
de Mont de Lans;3336
du Tour;2910
du Chardonnet;3192
des Amethystes;3254
du Nant Blanc;2867
du Tour Noir;3198
de Talefre;2741
d'Envers de Blaitiere;2701
des Pelerins;2455
de Miage;2663
des Glaciers;3186
de l'Invernet;2890
Inferieur des Balmes;2420
Nord de la Gurraz;3043
de la Gurraz;3082
du Fond;3183
des Sources de l'Isere 1;3072
des Sources de l'Isere 2;3071
de la Grande Casse;2808
de Premou;3046
de la Grande Motte;2987
des Grands Couloirs;3408
des Sources de l'Arc 4;3155
des Sources de l'Arc 2;2912
du Mulinet;3078
du Grand Mean Nord 1;3083
du Vallonnet;3264
des Evettes;2921
du Genepy;3173
des Sonnailles;3454
de la Mahure 1;2969
de Charbonnel;3498
d'Arnes;3095
de Chaviere 1;3144
de Chaviere 2;3016
Baounet 1;3000
de Derriere le Clapier 1;2984
de Rochemelon;3128
d'Argentiere;2658
Du Dome de Chasseforet 1;3334
du Grand Fond;3348
Superieur du Vallonnet 1;3304
de Rhemes Golette 1;3033
de la Sassiere;3282
de l'Epena;2889
de l'Arpont;3272
du Pelve 1;3259
du Grand Marchet;2936
de l'Arcellin - Roche Ferran 1;3065
de la Mahure 2;3172
de Tre la Tete 1;2805
Mer de Glace 1;2573
de Bionnassay;2953
des Bossons;3333
de Taconnaz;3295
d'Armancette;3284
Superieur des Balmes;3296
de la Savinaz;3308
de Gebroulaz;2990
; 
